relative_path	sha256	bytes	ihdr_width	ihdr_height	bit_depth	color_type	compression	filter	interlace	case_id	locale	viewport	project	census
production-desktop-chromium/PR-PX-CITY-LIST-EN-en-1440x1000.png	2997800068990203072dd2bcae6930a3a5b3ddef6656821ab3d91ada1af7db86	126989	1440	1000	8	2	0	0	0	PR-PX-CITY-LIST-EN	en	1440x1000	production-desktop-chromium	core
production-desktop-chromium/PR-PX-CITY-LIST-EN-en-360x800.png	fc6ba9537a93fa2fedc2ac2515edc2637d2f0cd55ef6b3ca9e5858a6f79d14ea	72966	360	800	8	2	0	0	0	PR-PX-CITY-LIST-EN	en	360x800	production-desktop-chromium	core
production-desktop-chromium/PR-PX-CITY-LIST-EN-en-430x932.png	c65e6955a7491cc0e6b92c03b0eee48bd08f3ffc4cbf3babd728a9ae14258a00	93497	430	932	8	2	0	0	0	PR-PX-CITY-LIST-EN	en	430x932	production-desktop-chromium	core
production-desktop-chromium/PR-PX-CITY-LIST-EN-en-768x1024.png	7db00532a05ec0679532444a929fbef1e1b90c96b2b4cf54e59a1f2759eb0f41	133084	768	1024	8	2	0	0	0	PR-PX-CITY-LIST-EN	en	768x1024	production-desktop-chromium	core
production-desktop-chromium/PR-PX-CITY-LIST-EN-en-801x1000.png	046aa0a07cd732fd7406b0cf8f5d96fa157f4b51bfdaf2c5e905811e5103b582	119021	801	1000	8	2	0	0	0	PR-PX-CITY-LIST-EN	en	801x1000	production-desktop-chromium	core
production-desktop-chromium/PR-PX-CITY-MAP-EN-en-1440x1000.png	b7f4653e9d86c1906ef3209aa09b673364da3809053a70694ccd7a8505c6755e	336367	1440	1000	8	2	0	0	0	PR-PX-CITY-MAP-EN	en	1440x1000	production-desktop-chromium	core
production-desktop-chromium/PR-PX-CITY-MAP-EN-en-360x800.png	30b40c1adb23e05b54ad9b8744754dc282ab3bc4915e1a37619bd7c92abe05bd	112406	360	800	8	2	0	0	0	PR-PX-CITY-MAP-EN	en	360x800	production-desktop-chromium	core
production-desktop-chromium/PR-PX-CITY-MAP-EN-en-430x932.png	49149324933e84bca4145481e33c9fa658b531d7644301dabd4f47cb6a01e071	145311	430	932	8	2	0	0	0	PR-PX-CITY-MAP-EN	en	430x932	production-desktop-chromium	core
production-desktop-chromium/PR-PX-CITY-MAP-EN-en-768x1024.png	412010afdd64f6ddc05c6b687a132821b6b1db06c9140d6e003be1e6a6ddc84a	260914	768	1024	8	2	0	0	0	PR-PX-CITY-MAP-EN	en	768x1024	production-desktop-chromium	core
production-desktop-chromium/PR-PX-CITY-MAP-EN-en-801x1000.png	b96818b99603c83b7977967505dd763d475fd80944cb0d55e25e6e7444b058f3	237145	801	1000	8	2	0	0	0	PR-PX-CITY-MAP-EN	en	801x1000	production-desktop-chromium	core
production-desktop-chromium/PR-PX-CITY-MAP-KO-ko-1440x1000.png	9d3e01afba55c3f231d1c911ac2e7ffe27242ac1e4cc48e5ae7dc9f0ed1a3c34	326855	1440	1000	8	2	0	0	0	PR-PX-CITY-MAP-KO	ko	1440x1000	production-desktop-chromium	core
production-desktop-chromium/PR-PX-CITY-MAP-KO-ko-360x800.png	2f65bdda45d82960fa36031efaef5232e6375500d1960c80087c8e40c2654103	108468	360	800	8	2	0	0	0	PR-PX-CITY-MAP-KO	ko	360x800	production-desktop-chromium	core
production-desktop-chromium/PR-PX-CITY-MAP-KO-ko-430x932.png	1566430164a0cd1f62b4c383814405acbf36630195888f482178620a22bf3747	141123	430	932	8	2	0	0	0	PR-PX-CITY-MAP-KO	ko	430x932	production-desktop-chromium	core
production-desktop-chromium/PR-PX-CITY-MAP-KO-ko-768x1024.png	869ccc8d484deda2778e16c9a3efb4cd1f601a316eaa995a647cddd42dd1c861	254054	768	1024	8	2	0	0	0	PR-PX-CITY-MAP-KO	ko	768x1024	production-desktop-chromium	core
production-desktop-chromium/PR-PX-CITY-MAP-KO-ko-801x1000.png	73be62f212479e228a4eaaa923ade5abfda46ec7c81dbf59fd13b7d0dd34284d	231778	801	1000	8	2	0	0	0	PR-PX-CITY-MAP-KO	ko	801x1000	production-desktop-chromium	core
production-desktop-chromium/PR-PX-DIRECTIONS-EN-en-1440x1000.png	3bdf19081f5be85b0d992698dc34f5d7df894c674cd971c8343b573755d83118	89193	1440	1000	8	2	0	0	0	PR-PX-DIRECTIONS-EN	en	1440x1000	production-desktop-chromium	core
production-desktop-chromium/PR-PX-DIRECTIONS-EN-en-360x800.png	866b8786c481a5bd7bb4494eae43f012c26c9d3868defd8a38493dd7ff559c65	65239	360	800	8	2	0	0	0	PR-PX-DIRECTIONS-EN	en	360x800	production-desktop-chromium	core
production-desktop-chromium/PR-PX-DIRECTIONS-EN-en-430x932.png	213ef15f61797883d98a4c901d88dbdb7fa0c066d934bf60312078107d6af7d7	65717	430	932	8	2	0	0	0	PR-PX-DIRECTIONS-EN	en	430x932	production-desktop-chromium	core
production-desktop-chromium/PR-PX-DIRECTIONS-EN-en-768x1024.png	f71f657fac77993a93deb685a1b1a7be4b243bdb6e470a240e563423d69bdf4d	72804	768	1024	8	2	0	0	0	PR-PX-DIRECTIONS-EN	en	768x1024	production-desktop-chromium	core
production-desktop-chromium/PR-PX-DIRECTIONS-EN-en-801x1000.png	f7e1386ae5ba98ad895164471c07e4b83e175fcf934d5e7bf74493672ad203ff	77027	801	1000	8	2	0	0	0	PR-PX-DIRECTIONS-EN	en	801x1000	production-desktop-chromium	core
production-desktop-chromium/PR-PX-FIRST-RUN-EN-en-1440x1000.png	b7920381fde54cad7155cf532958d460bb7319b53503b91df02d7297c2f0e0bf	75554	1440	1000	8	2	0	0	0	PR-PX-FIRST-RUN-EN	en	1440x1000	production-desktop-chromium	core
production-desktop-chromium/PR-PX-FIRST-RUN-EN-en-360x800.png	ea2ec97a6246b7f16bc9cdf20da71ff1667e1f4f8667f42f008d9d31cd4825d1	52650	360	800	8	2	0	0	0	PR-PX-FIRST-RUN-EN	en	360x800	production-desktop-chromium	core
production-desktop-chromium/PR-PX-FIRST-RUN-EN-en-430x932.png	e2013db568d43b2b588c256a93dd105f44c03877d9442c8bdc542fee8691cf09	56001	430	932	8	2	0	0	0	PR-PX-FIRST-RUN-EN	en	430x932	production-desktop-chromium	core
production-desktop-chromium/PR-PX-FIRST-RUN-EN-en-768x1024.png	61d893dfa1a2032804570fd5219a1c8c78dfbb5ef5d65ec58910eccfada39f4b	66450	768	1024	8	2	0	0	0	PR-PX-FIRST-RUN-EN	en	768x1024	production-desktop-chromium	core
production-desktop-chromium/PR-PX-FIRST-RUN-EN-en-801x1000.png	679640f8c9f748df3412cc76e5a5456c77786a02386db8772a1e48e3a5f0849e	69792	801	1000	8	2	0	0	0	PR-PX-FIRST-RUN-EN	en	801x1000	production-desktop-chromium	core
production-desktop-chromium/PR-PX-FIRST-RUN-KO-ko-1440x1000.png	c3f003fe0ea8098b7fa58e8b462d4f8f355f24031413cc8d879d330b26110a6d	62783	1440	1000	8	2	0	0	0	PR-PX-FIRST-RUN-KO	ko	1440x1000	production-desktop-chromium	core
production-desktop-chromium/PR-PX-FIRST-RUN-KO-ko-360x800.png	b62b54657f85764d418edc3e2f32c91f10c1ba9bd8d961a73fbecfc4ace4572d	45652	360	800	8	2	0	0	0	PR-PX-FIRST-RUN-KO	ko	360x800	production-desktop-chromium	core
production-desktop-chromium/PR-PX-FIRST-RUN-KO-ko-430x932.png	37a10c7c278d68116eb948708626c0065594bf41feef59890cf2e8e5ca43e7ac	48611	430	932	8	2	0	0	0	PR-PX-FIRST-RUN-KO	ko	430x932	production-desktop-chromium	core
production-desktop-chromium/PR-PX-FIRST-RUN-KO-ko-768x1024.png	f0482e60ac207fae36de25002ca31efdd23dfde7401c024bbb2749ec4195e421	54330	768	1024	8	2	0	0	0	PR-PX-FIRST-RUN-KO	ko	768x1024	production-desktop-chromium	core
production-desktop-chromium/PR-PX-FIRST-RUN-KO-ko-801x1000.png	1c34b2ef5a27c31cc64e778a6e362ec80aaca9863446dc7bd4ee71258c172a6b	58036	801	1000	8	2	0	0	0	PR-PX-FIRST-RUN-KO	ko	801x1000	production-desktop-chromium	core
production-desktop-chromium/PR-PX-HISTORY-RETURN-EN-en-1440x1000.png	1499513cb73401b6b26073f1c0adb7829df8355e9e55faefb158f090ea9949f2	62258	1440	1000	8	2	0	0	0	PR-PX-HISTORY-RETURN-EN	en	1440x1000	production-desktop-chromium	core
production-desktop-chromium/PR-PX-HISTORY-RETURN-EN-en-360x800.png	380224445768d5c82fde6df92033cc4987b70d990928eef25c8df145bafc2eba	39279	360	800	8	2	0	0	0	PR-PX-HISTORY-RETURN-EN	en	360x800	production-desktop-chromium	core
production-desktop-chromium/PR-PX-HISTORY-RETURN-EN-en-430x932.png	9cae38bc0e1f168323cb488419f29c69018397272d1be4a3f799837303516d7b	40447	430	932	8	2	0	0	0	PR-PX-HISTORY-RETURN-EN	en	430x932	production-desktop-chromium	core
production-desktop-chromium/PR-PX-HISTORY-RETURN-EN-en-768x1024.png	2d5ee2719dd33359b33b5e5b11495be60c6eb11c8e0b32f821f80769cd38a4c7	52804	768	1024	8	2	0	0	0	PR-PX-HISTORY-RETURN-EN	en	768x1024	production-desktop-chromium	core
production-desktop-chromium/PR-PX-HISTORY-RETURN-EN-en-801x1000.png	3e0b96cc6d18a32bd002d48708456f02293efae74b65537e194c47ab086f57a7	56603	801	1000	8	2	0	0	0	PR-PX-HISTORY-RETURN-EN	en	801x1000	production-desktop-chromium	core
production-desktop-chromium/PR-PX-LOCATION-DENIED-EN-en-1440x1000.png	f4a9f94df4ada7d28d338ab6c7885c1d296bd5bd4a3c4e3c679764d96a4acff4	336234	1440	1000	8	2	0	0	0	PR-PX-LOCATION-DENIED-EN	en	1440x1000	production-desktop-chromium	core
production-desktop-chromium/PR-PX-LOCATION-DENIED-EN-en-360x800.png	bb1c6feffdede61b7eb29be343da227ce79485d8bda8ddbd0dca9230b477c8a7	112722	360	800	8	2	0	0	0	PR-PX-LOCATION-DENIED-EN	en	360x800	production-desktop-chromium	core
production-desktop-chromium/PR-PX-LOCATION-DENIED-EN-en-430x932.png	7c2188d3650b07242812ef7ee1a2f5304752f80929cdd124053a2ae3854da48a	145252	430	932	8	2	0	0	0	PR-PX-LOCATION-DENIED-EN	en	430x932	production-desktop-chromium	core
production-desktop-chromium/PR-PX-LOCATION-DENIED-EN-en-768x1024.png	0ea9bcd282b98136db8da6bcb7794543a577656581c41b12641160bca0455101	260837	768	1024	8	2	0	0	0	PR-PX-LOCATION-DENIED-EN	en	768x1024	production-desktop-chromium	core
production-desktop-chromium/PR-PX-LOCATION-DENIED-EN-en-801x1000.png	38895061c2825d0e2d7080b1ebdb0962e73e4945fdb0e00cb9aeffb6014e3b37	237284	801	1000	8	2	0	0	0	PR-PX-LOCATION-DENIED-EN	en	801x1000	production-desktop-chromium	core
production-desktop-chromium/PR-PX-LOCATION-READY-KO-ko-1440x1000.png	3e4084f8e68fb4429e8e1888e181e2b1aa6841f35a3e3702bfc9f7733439cd13	311919	1440	1000	8	2	0	0	0	PR-PX-LOCATION-READY-KO	ko	1440x1000	production-desktop-chromium	core
production-desktop-chromium/PR-PX-LOCATION-READY-KO-ko-360x800.png	37030d0955e2ef25d63185e33952cd0f6583f6f15007018afc62faa3dc9b1d87	101799	360	800	8	2	0	0	0	PR-PX-LOCATION-READY-KO	ko	360x800	production-desktop-chromium	core
production-desktop-chromium/PR-PX-LOCATION-READY-KO-ko-430x932.png	4a42e0bd420f15d726768bff487f4288026fd38fe98920496bbcbd82c5d49845	133330	430	932	8	2	0	0	0	PR-PX-LOCATION-READY-KO	ko	430x932	production-desktop-chromium	core
production-desktop-chromium/PR-PX-LOCATION-READY-KO-ko-768x1024.png	77470b87e8d9a956303c0bf406a08ab35b7c1f1255734c420efd9eaed9a2aa0d	231462	768	1024	8	2	0	0	0	PR-PX-LOCATION-READY-KO	ko	768x1024	production-desktop-chromium	core
production-desktop-chromium/PR-PX-LOCATION-READY-KO-ko-801x1000.png	a1f21896943130450bcd49cb0e59ac301045fa9656b599c3f8d535a5b3114106	215905	801	1000	8	2	0	0	0	PR-PX-LOCATION-READY-KO	ko	801x1000	production-desktop-chromium	core
production-desktop-chromium/PR-PX-NATION-EN-en-1440x1000.png	8db387c40c56f54a8bb915f2c1589f1a986edabeaceb0652e458c1d6f1492c49	107933	1440	1000	8	2	0	0	0	PR-PX-NATION-EN	en	1440x1000	production-desktop-chromium	core
production-desktop-chromium/PR-PX-NATION-EN-en-360x800.png	4593b2f0d72849b2303ff5b73afe4873eb540601d9bafec9964404f57a635feb	77210	360	800	8	2	0	0	0	PR-PX-NATION-EN	en	360x800	production-desktop-chromium	core
production-desktop-chromium/PR-PX-NATION-EN-en-430x932.png	40f1d0d2a59f563216a7c68b76d628afc5170bd97a31689e093a07ac0cb95181	89560	430	932	8	2	0	0	0	PR-PX-NATION-EN	en	430x932	production-desktop-chromium	core
production-desktop-chromium/PR-PX-NATION-EN-en-768x1024.png	1d8a33ce78abdac5299376d596a187d721a9e993a21b4f96858a4c21dbd42ba0	97045	768	1024	8	2	0	0	0	PR-PX-NATION-EN	en	768x1024	production-desktop-chromium	core
production-desktop-chromium/PR-PX-NATION-EN-en-801x1000.png	e7000b51df7539e914a136e18f5f8a28a06e9dbabbe99cd48af6ab50968010fb	105130	801	1000	8	2	0	0	0	PR-PX-NATION-EN	en	801x1000	production-desktop-chromium	core
production-desktop-chromium/PR-PX-OFFLINE-FALLBACK-KO-ko-1440x1000.png	2ed2a6195d2a264f8525fc62109cb099d8139fe42788e0bf203c56df3982c4ee	110786	1440	1000	8	2	0	0	0	PR-PX-OFFLINE-FALLBACK-KO	ko	1440x1000	production-desktop-chromium	core
production-desktop-chromium/PR-PX-OFFLINE-FALLBACK-KO-ko-360x800.png	677c0f9f0b1e10d1f62bc5133450647bb45ffc33cbe5aa64142066670099e589	70975	360	800	8	2	0	0	0	PR-PX-OFFLINE-FALLBACK-KO	ko	360x800	production-desktop-chromium	core
production-desktop-chromium/PR-PX-OFFLINE-FALLBACK-KO-ko-430x932.png	ca49d946c8ec2eec4da6474420c283324f8cc3bce40b6577586b1e1a880ad3ad	87143	430	932	8	2	0	0	0	PR-PX-OFFLINE-FALLBACK-KO	ko	430x932	production-desktop-chromium	core
production-desktop-chromium/PR-PX-OFFLINE-FALLBACK-KO-ko-768x1024.png	0bc73d67055e787b5e274e1055206ac9f55cf1f1560e925a4e8df402f893c14a	115017	768	1024	8	2	0	0	0	PR-PX-OFFLINE-FALLBACK-KO	ko	768x1024	production-desktop-chromium	core
production-desktop-chromium/PR-PX-OFFLINE-FALLBACK-KO-ko-801x1000.png	7bee2fee69eec6bc7a6ff97c84b000782fac26b12e9ccd98dfcc1904f8fb7d5c	104168	801	1000	8	2	0	0	0	PR-PX-OFFLINE-FALLBACK-KO	ko	801x1000	production-desktop-chromium	core
production-desktop-chromium/PR-PX-PLACE-DETAIL-KO-ko-1440x1000.png	423470ed390babb6dd02a11f1881b29f3347fc5e3e8657c68b4956adef317773	124308	1440	1000	8	2	0	0	0	PR-PX-PLACE-DETAIL-KO	ko	1440x1000	production-desktop-chromium	core
production-desktop-chromium/PR-PX-PLACE-DETAIL-KO-ko-360x800.png	dcd6ad52af3916720bceddfd3953bc0c19b7c3df0f155382123f481051e9e988	52593	360	800	8	2	0	0	0	PR-PX-PLACE-DETAIL-KO	ko	360x800	production-desktop-chromium	core
production-desktop-chromium/PR-PX-PLACE-DETAIL-KO-ko-430x932.png	3bd7509caedb45348d4b09fc37c878cd905a03f912f6bec187715113a6e0073d	67449	430	932	8	2	0	0	0	PR-PX-PLACE-DETAIL-KO	ko	430x932	production-desktop-chromium	core
production-desktop-chromium/PR-PX-PLACE-DETAIL-KO-ko-768x1024.png	89e20328fd40ca7295f8b524d66c8c1443c6bdcc6d968705205fae7a8921e802	91510	768	1024	8	2	0	0	0	PR-PX-PLACE-DETAIL-KO	ko	768x1024	production-desktop-chromium	core
production-desktop-chromium/PR-PX-PLACE-DETAIL-KO-ko-801x1000.png	668802962407e31e0d93684fd354630b9711f8245a66b1d4c93ac8758eb295e8	86571	801	1000	8	2	0	0	0	PR-PX-PLACE-DETAIL-KO	ko	801x1000	production-desktop-chromium	core
production-desktop-chromium/PR-PX-PLACE-PEEK-EN-en-1440x1000.png	2ce19f7102e5108cbc43b85ec4a3d4ca448e981784540bd7918a79ef25f3fd70	87881	1440	1000	8	2	0	0	0	PR-PX-PLACE-PEEK-EN	en	1440x1000	production-desktop-chromium	core
production-desktop-chromium/PR-PX-PLACE-PEEK-EN-en-360x800.png	a08300fec2f0da7edf3d7172ebd9e7ee791371e3c8fcacdf99cbc72cc3fdebc3	64172	360	800	8	2	0	0	0	PR-PX-PLACE-PEEK-EN	en	360x800	production-desktop-chromium	core
production-desktop-chromium/PR-PX-PLACE-PEEK-EN-en-430x932.png	ab5129ca5b2570205b76eac9fffaeef4b76c9d32c98abcae3a435bd3de0c1105	64668	430	932	8	2	0	0	0	PR-PX-PLACE-PEEK-EN	en	430x932	production-desktop-chromium	core
production-desktop-chromium/PR-PX-PLACE-PEEK-EN-en-768x1024.png	9b3e620faa3f34102833de7b1326cea1aa2f9927baa93a0db5324b8a845bb2f6	71631	768	1024	8	2	0	0	0	PR-PX-PLACE-PEEK-EN	en	768x1024	production-desktop-chromium	core
production-desktop-chromium/PR-PX-PLACE-PEEK-EN-en-801x1000.png	03409f8577e362904537590756fb3eca26a2d0853e866fc925c748952388d104	75861	801	1000	8	2	0	0	0	PR-PX-PLACE-PEEK-EN	en	801x1000	production-desktop-chromium	core
production-desktop-chromium/PR-PX-PRIVATE-NOTE-EN-en-1440x1000.png	8dff8c3033607d4888e108be4937cabf51091723f7873a12368128da8d30ec99	59464	1440	1000	8	2	0	0	0	PR-PX-PRIVATE-NOTE-EN	en	1440x1000	production-desktop-chromium	core
production-desktop-chromium/PR-PX-PRIVATE-NOTE-EN-en-360x800.png	76b0d0a0b013d392347e472a7196bbb6e7fe149b8958a2afa755e29d207ebe20	46664	360	800	8	2	0	0	0	PR-PX-PRIVATE-NOTE-EN	en	360x800	production-desktop-chromium	core
production-desktop-chromium/PR-PX-PRIVATE-NOTE-EN-en-430x932.png	e1f6f7bf1d254a7526ebbaa80d5495fbeb62d5298249dd4c4026d92b128905ee	47349	430	932	8	2	0	0	0	PR-PX-PRIVATE-NOTE-EN	en	430x932	production-desktop-chromium	core
production-desktop-chromium/PR-PX-PRIVATE-NOTE-EN-en-768x1024.png	87eeea4bed520ec99ad25ebe9d324cf81a343be6febda754a7b2bd010772cc3a	51399	768	1024	8	2	0	0	0	PR-PX-PRIVATE-NOTE-EN	en	768x1024	production-desktop-chromium	core
production-desktop-chromium/PR-PX-PRIVATE-NOTE-EN-en-801x1000.png	ee3e44e7d51685c371165a56e1b26b5d42174437d7776354558db49068053dac	55147	801	1000	8	2	0	0	0	PR-PX-PRIVATE-NOTE-EN	en	801x1000	production-desktop-chromium	core
production-desktop-chromium/PR-PX-RESET-CONFIRM-KO-ko-1440x1000.png	ab6d07a3d6cb128b36d4c3810592d1f69e48d661c2ff68e723958e7de6c1da74	81632	1440	1000	8	2	0	0	0	PR-PX-RESET-CONFIRM-KO	ko	1440x1000	production-desktop-chromium	core
production-desktop-chromium/PR-PX-RESET-CONFIRM-KO-ko-360x800.png	c91bee6e431a7e7ede1823b1833733368a75c2ab9536a70610ce08637c774341	53605	360	800	8	2	0	0	0	PR-PX-RESET-CONFIRM-KO	ko	360x800	production-desktop-chromium	core
production-desktop-chromium/PR-PX-RESET-CONFIRM-KO-ko-430x932.png	6a9b4678130f4cbb4d493a21c15cbe8c2bea2080c14c628dbfa07029fe503690	62012	430	932	8	2	0	0	0	PR-PX-RESET-CONFIRM-KO	ko	430x932	production-desktop-chromium	core
production-desktop-chromium/PR-PX-RESET-CONFIRM-KO-ko-768x1024.png	29a7ce079e5e41240c992b9eabe69102121e38e7f7c3b110d2b13ab3ad58d1db	75683	768	1024	8	2	0	0	0	PR-PX-RESET-CONFIRM-KO	ko	768x1024	production-desktop-chromium	core
production-desktop-chromium/PR-PX-RESET-CONFIRM-KO-ko-801x1000.png	bb62890bb6ec91845f39fcd0a215ceec21e3f1fc7b19f869f2f30f3515115655	75800	801	1000	8	2	0	0	0	PR-PX-RESET-CONFIRM-KO	ko	801x1000	production-desktop-chromium	core
production-desktop-chromium/PR-PX-SAVED-EMPTY-EN-en-1440x1000.png	3e5ceefc7be15e5f7ed8baabf46d5bb5b2a1af4fc21e846742a9b2d5774d45b9	40682	1440	1000	8	2	0	0	0	PR-PX-SAVED-EMPTY-EN	en	1440x1000	production-desktop-chromium	core
production-desktop-chromium/PR-PX-SAVED-EMPTY-EN-en-360x800.png	89d53920545deaee5050c882a7e7118d7d6e5ac1137d116262b134b41b0946bd	29845	360	800	8	2	0	0	0	PR-PX-SAVED-EMPTY-EN	en	360x800	production-desktop-chromium	core
production-desktop-chromium/PR-PX-SAVED-EMPTY-EN-en-430x932.png	1568d46862a30bf678e536a29b6a4e2e43f8e8e872bac1804ff88a95e62acef3	30401	430	932	8	2	0	0	0	PR-PX-SAVED-EMPTY-EN	en	430x932	production-desktop-chromium	core
production-desktop-chromium/PR-PX-SAVED-EMPTY-EN-en-768x1024.png	8e99d8bfe806b4215bbd1dfa1ad356db1fc53636d4912bba9f6fc54be9b2ed2e	33086	768	1024	8	2	0	0	0	PR-PX-SAVED-EMPTY-EN	en	768x1024	production-desktop-chromium	core
production-desktop-chromium/PR-PX-SAVED-EMPTY-EN-en-801x1000.png	415ff57ed18f1d9cd7c6a8dcb0a18a6367182fa064fd0ee312430fa8cf55891f	36698	801	1000	8	2	0	0	0	PR-PX-SAVED-EMPTY-EN	en	801x1000	production-desktop-chromium	core
production-desktop-chromium/PR-PX-SAVED-PLACE-KO-ko-1440x1000.png	25cc5282bcb433e2109b49d8a5ff2ed049a7ba15f6068af661c7ab5a1e49a4f2	48082	1440	1000	8	2	0	0	0	PR-PX-SAVED-PLACE-KO	ko	1440x1000	production-desktop-chromium	core
production-desktop-chromium/PR-PX-SAVED-PLACE-KO-ko-360x800.png	606cc488d3b8041464834f4f0f33b46f8798cfe8a104ecd3e988a060a922a5fe	36677	360	800	8	2	0	0	0	PR-PX-SAVED-PLACE-KO	ko	360x800	production-desktop-chromium	core
production-desktop-chromium/PR-PX-SAVED-PLACE-KO-ko-430x932.png	2619524e7ba4f1ca665ed3824d0536d62e7ed9a84039765f11c8fae7ae56fb40	37372	430	932	8	2	0	0	0	PR-PX-SAVED-PLACE-KO	ko	430x932	production-desktop-chromium	core
production-desktop-chromium/PR-PX-SAVED-PLACE-KO-ko-768x1024.png	59496f544ff25ff1bdabf784e09322f716a7080f9541e9df51689c2c84d114a7	40651	768	1024	8	2	0	0	0	PR-PX-SAVED-PLACE-KO	ko	768x1024	production-desktop-chromium	core
production-desktop-chromium/PR-PX-SAVED-PLACE-KO-ko-801x1000.png	2b40b3bd2fb486e834d9d5471c43b6312e383933a16737139a385a096fa0a09d	43965	801	1000	8	2	0	0	0	PR-PX-SAVED-PLACE-KO	ko	801x1000	production-desktop-chromium	core
production-desktop-chromium/PR-PX-SEARCH-EMPTY-KO-ko-1440x1000.png	f4a6cf02760653d6ad7e7037f1fb48de40ea83bf2e57ffb11fb2b9d3cca4ca19	55059	1440	1000	8	2	0	0	0	PR-PX-SEARCH-EMPTY-KO	ko	1440x1000	production-desktop-chromium	core
production-desktop-chromium/PR-PX-SEARCH-EMPTY-KO-ko-360x800.png	4866dadbde125e1723406b349c2e43c0943cac2ca37d3469716dc94a09b880f7	33608	360	800	8	2	0	0	0	PR-PX-SEARCH-EMPTY-KO	ko	360x800	production-desktop-chromium	core
production-desktop-chromium/PR-PX-SEARCH-EMPTY-KO-ko-430x932.png	337b4f7c1a44a8e13763b89a2419000949e5d9ee138a000cee13d73d9f5d0254	34969	430	932	8	2	0	0	0	PR-PX-SEARCH-EMPTY-KO	ko	430x932	production-desktop-chromium	core
production-desktop-chromium/PR-PX-SEARCH-EMPTY-KO-ko-768x1024.png	7a92877f1bc2fe0b2945126634abed8233a1e6be4c5839b8b186ed3b63ce4fa1	46686	768	1024	8	2	0	0	0	PR-PX-SEARCH-EMPTY-KO	ko	768x1024	production-desktop-chromium	core
production-desktop-chromium/PR-PX-SEARCH-EMPTY-KO-ko-801x1000.png	e3cb856d33fe234cf9eb0ae558e4841ece7e7826c5cc812c42bc8dd9e955c319	50397	801	1000	8	2	0	0	0	PR-PX-SEARCH-EMPTY-KO	ko	801x1000	production-desktop-chromium	core
production-desktop-chromium/PR-PX-SEARCH-EN-en-1440x1000.png	1cc766111b1ad7ea4c0c5387bc3519810acf9d13976756e93ba41bfdf82310a9	63165	1440	1000	8	2	0	0	0	PR-PX-SEARCH-EN	en	1440x1000	production-desktop-chromium	core
production-desktop-chromium/PR-PX-SEARCH-EN-en-360x800.png	46b91cc476098f72e9b0fcabbec315d6c75160e4c7112efda49ce2d942c70dfb	40174	360	800	8	2	0	0	0	PR-PX-SEARCH-EN	en	360x800	production-desktop-chromium	core
production-desktop-chromium/PR-PX-SEARCH-EN-en-430x932.png	8e5b3f84a19cb51d463da0ccb76849862eaf37a950c8daf37f361240a709e8ea	41361	430	932	8	2	0	0	0	PR-PX-SEARCH-EN	en	430x932	production-desktop-chromium	core
production-desktop-chromium/PR-PX-SEARCH-EN-en-768x1024.png	deba0bad769645a185c3a0c2989fb7442ec1bc34307635dfe00d1524d36d1104	53698	768	1024	8	2	0	0	0	PR-PX-SEARCH-EN	en	768x1024	production-desktop-chromium	core
production-desktop-chromium/PR-PX-SEARCH-EN-en-801x1000.png	571c9350e5de37111f6af3c33e3d95a75084816eeac88b15cf8759c527f06ca9	57628	801	1000	8	2	0	0	0	PR-PX-SEARCH-EN	en	801x1000	production-desktop-chromium	core
production-desktop-chromium/PR-PX-SETTINGS-EN-en-1440x1000.png	dd287c4367a4dd99038bc6388ffd8f7b3b1a2b250fc7565bd3759fd9406c8690	72540	1440	1000	8	2	0	0	0	PR-PX-SETTINGS-EN	en	1440x1000	production-desktop-chromium	core
production-desktop-chromium/PR-PX-SETTINGS-EN-en-360x800.png	db2c50ad85146876eae343d70e7652344a351cc4fd7094ac5197cde54fb2896c	48528	360	800	8	2	0	0	0	PR-PX-SETTINGS-EN	en	360x800	production-desktop-chromium	core
production-desktop-chromium/PR-PX-SETTINGS-EN-en-430x932.png	6e49b021e0a100087307137bed312bd63095b4862c03f1d47e8238db900d905a	59264	430	932	8	2	0	0	0	PR-PX-SETTINGS-EN	en	430x932	production-desktop-chromium	core
production-desktop-chromium/PR-PX-SETTINGS-EN-en-768x1024.png	c130540b3fff22997dbca9117554c493a1b3e30440d874b0bebc828805a2a164	63103	768	1024	8	2	0	0	0	PR-PX-SETTINGS-EN	en	768x1024	production-desktop-chromium	core
production-desktop-chromium/PR-PX-SETTINGS-EN-en-801x1000.png	e88417f43ddc7127703887cc2e4e8c5a57a3edbe00b51e79349f33d1dc4a2b0b	66966	801	1000	8	2	0	0	0	PR-PX-SETTINGS-EN	en	801x1000	production-desktop-chromium	core
production-desktop-chromium/PR-PX-STRUCTURAL-COMPACT-EN-en-430x720.png	5ad7a9a946887f708ec6d5cd1ae6b1f38fcf2d1f53b18c3450225d64ccac9afe	57973	430	720	8	2	0	0	0	PR-PX-STRUCTURAL-COMPACT-EN	en	430x720	production-desktop-chromium	structural
production-desktop-chromium/PR-PX-STRUCTURAL-COMPACT-KO-ko-430x720.png	b3ae36f0c1afa8ced4a15f6bea2d98cb0bff16e5f9819229296c2977bf2a9fc4	55458	430	720	8	2	0	0	0	PR-PX-STRUCTURAL-COMPACT-KO	ko	430x720	production-desktop-chromium	structural
production-desktop-chromium/PR-PX-STRUCTURAL-ULTRA-EN-en-667x320.png	3ca2a5fd89d2f07631e42658e5e4abd6b47bff4a327a31374869296eba7c3e7b	27310	667	320	8	2	0	0	0	PR-PX-STRUCTURAL-ULTRA-EN	en	667x320	production-desktop-chromium	structural
production-desktop-chromium/PR-PX-STRUCTURAL-ULTRA-KO-ko-667x320.png	0ca9fba31f21e152cf0cc2d4bf7154e659d66ab3582adb03fdf35b9ffdaac058	23366	667	320	8	2	0	0	0	PR-PX-STRUCTURAL-ULTRA-KO	ko	667x320	production-desktop-chromium	structural
production-mobile-chromium/PR-PX-CITY-LIST-EN-en-390x844.png	ecf9dd952df046a17882b38438393fb39c50290d0fc448257340c22062b69039	80700	390	844	8	2	0	0	0	PR-PX-CITY-LIST-EN	en	390x844	production-mobile-chromium	core
production-mobile-chromium/PR-PX-CITY-MAP-EN-en-390x844.png	cbda2c6422ee39851b6c5a2c58f467731fb101f92a2e478b302b066bfcafdd2c	101353	390	844	8	2	0	0	0	PR-PX-CITY-MAP-EN	en	390x844	production-mobile-chromium	core
production-mobile-chromium/PR-PX-CITY-MAP-KO-ko-390x844.png	0013f24d553b34b999e08c7c5a7b636fc4f271831ee00c71d4e13db0b34a05f8	96692	390	844	8	2	0	0	0	PR-PX-CITY-MAP-KO	ko	390x844	production-mobile-chromium	core
production-mobile-chromium/PR-PX-DIRECTIONS-EN-en-390x844.png	36d9815131ed63737425cd6f301282aa7fb51b20f1bc15347faaf545b2fe8129	65835	390	844	8	2	0	0	0	PR-PX-DIRECTIONS-EN	en	390x844	production-mobile-chromium	core
production-mobile-chromium/PR-PX-FIRST-RUN-EN-en-390x844.png	73807037429d9d75158b304f77751781273fe0b0d0c0ff2e1376dcb98ddafdcd	53391	390	844	8	2	0	0	0	PR-PX-FIRST-RUN-EN	en	390x844	production-mobile-chromium	core
production-mobile-chromium/PR-PX-FIRST-RUN-KO-ko-390x844.png	970075a8ac3b2bdffd68331b3c1fe0eec3832b5aa3de80040ac70b2d78ae7dd5	47272	390	844	8	2	0	0	0	PR-PX-FIRST-RUN-KO	ko	390x844	production-mobile-chromium	core
production-mobile-chromium/PR-PX-HISTORY-RETURN-EN-en-390x844.png	bf1a3b1e21945769fe9ec884c7ff6d7175bf61c33d9576b07fb7f2957ca747a5	39846	390	844	8	2	0	0	0	PR-PX-HISTORY-RETURN-EN	en	390x844	production-mobile-chromium	core
production-mobile-chromium/PR-PX-LOCATION-DENIED-EN-en-390x844.png	fed7d4d9865560959d0efceaec3a510d808576d6f35f78cecbb165d5dbd41a79	101177	390	844	8	2	0	0	0	PR-PX-LOCATION-DENIED-EN	en	390x844	production-mobile-chromium	core
production-mobile-chromium/PR-PX-LOCATION-READY-KO-ko-390x844.png	5fc18a0d09a10a011ca657f727fbf4254bd72b8d85917e469ca5226d5969e79c	94885	390	844	8	2	0	0	0	PR-PX-LOCATION-READY-KO	ko	390x844	production-mobile-chromium	core
production-mobile-chromium/PR-PX-NATION-EN-en-390x844.png	a5d2fbceb19f793bbdee005ffe4d010e4a662b2494c4fc08511eff8151aa1cdd	79825	390	844	8	2	0	0	0	PR-PX-NATION-EN	en	390x844	production-mobile-chromium	core
production-mobile-chromium/PR-PX-OFFLINE-FALLBACK-KO-ko-390x844.png	81779c865cf60fd06901bed5661d54b50f015bd907919e4452de1c1a635db1ad	76369	390	844	8	2	0	0	0	PR-PX-OFFLINE-FALLBACK-KO	ko	390x844	production-mobile-chromium	core
production-mobile-chromium/PR-PX-PLACE-DETAIL-KO-ko-390x844.png	a5a13e4afec23c10c0d4c2483e0755e567efe202a0bd7a911bf709393731520a	62506	390	844	8	2	0	0	0	PR-PX-PLACE-DETAIL-KO	ko	390x844	production-mobile-chromium	core
production-mobile-chromium/PR-PX-PLACE-PEEK-EN-en-390x844.png	c8b5c5c0c3aa8b8f6d277100637ca59a1abb4a8794c912e8cedf0878f6bb9cbe	64802	390	844	8	2	0	0	0	PR-PX-PLACE-PEEK-EN	en	390x844	production-mobile-chromium	core
production-mobile-chromium/PR-PX-PRIVATE-NOTE-EN-en-390x844.png	1aaf621a0736aa6a69a5009842221108f5a46f4ec23125471af1164917a2b746	46938	390	844	8	2	0	0	0	PR-PX-PRIVATE-NOTE-EN	en	390x844	production-mobile-chromium	core
production-mobile-chromium/PR-PX-RESET-CONFIRM-KO-ko-390x844.png	9b73987ebbd9c2efd0ba42e83466c567488ed96913613fcf20d58bae739bc2f1	59247	390	844	8	2	0	0	0	PR-PX-RESET-CONFIRM-KO	ko	390x844	production-mobile-chromium	core
production-mobile-chromium/PR-PX-SAVED-EMPTY-EN-en-390x844.png	5474ceb805df59742cc758c82d690bb85aeac2a02d2effdd0ea82abd31a5371d	30056	390	844	8	2	0	0	0	PR-PX-SAVED-EMPTY-EN	en	390x844	production-mobile-chromium	core
production-mobile-chromium/PR-PX-SAVED-PLACE-KO-ko-390x844.png	084697896e7b751103404af2de800d67929533cdb81f1262a0feb88a9b50ea02	36982	390	844	8	2	0	0	0	PR-PX-SAVED-PLACE-KO	ko	390x844	production-mobile-chromium	core
production-mobile-chromium/PR-PX-SEARCH-EMPTY-KO-ko-390x844.png	7fd282c1a6fa6222924605c540a874adfdb1ec9c87b02b568a38eb4831c2e8b4	34137	390	844	8	2	0	0	0	PR-PX-SEARCH-EMPTY-KO	ko	390x844	production-mobile-chromium	core
production-mobile-chromium/PR-PX-SEARCH-EN-en-390x844.png	5ae0e3332ba290a44e007192032876321f90bdce190623d4c477642f171c8fd4	40742	390	844	8	2	0	0	0	PR-PX-SEARCH-EN	en	390x844	production-mobile-chromium	core
production-mobile-chromium/PR-PX-SETTINGS-EN-en-390x844.png	62adc2b3baa292f668cbfe7af4aa40cd4e97057da0f66db461ec0421efa3237e	56126	390	844	8	2	0	0	0	PR-PX-SETTINGS-EN	en	390x844	production-mobile-chromium	core
